"Date,""Facebook"",""Pinterest"",""Twitter"",""YouTube"",""Instagram"",""Tumblr"",""reddit"",""LinkedIn"",""VKontakte"",""news.ycombinator.com"",""Fark"",""Other"""
2020-05,72.02,13.49,6.2,5.58,1.48,0.5,0.39,0.16,0.14,0.02,0.02,0.01
2020-06,74,12.11,6.5,4.99,1.2,0.53,0.37,0.18,0.1,0.01,0.01,0.01
2020-07,74.17,11.68,6.78,4.86,1.35,0.44,0.37,0.2,0.1,0.02,0.01,0.01
2020-08,75.15,11.51,6.41,3.62,1.42,0.45,0.31,0.23,0.87,0.01,0.01,0.01
2020-09,74.59,11.58,6.88,3.99,1.58,0.54,0.34,0.23,0.23,0.02,0.01,0.01
2020-10,71.85,12.31,8.65,4.47,1.53,0.43,0.36,0.25,0.13,0.02,0.01,0
2020-11,68.72,12.11,11.68,4.22,2.01,0.41,0.38,0.3,0.13,0.02,0.02,0.01
2020-12,68.39,13.61,10.25,4.27,2.25,0.33,0.44,0.29,0.11,0.03,0.02,0.01
2021-01,69.8,11.88,9.54,4.9,2.56,0.36,0.53,0.29,0.11,0.01,0.01,0.01
2021-02,71.92,9.94,8.65,5.06,2.93,0.36,0.57,0.39,0.12,0.03,0.02,0.01
2021-03,72.03,9.63,8.81,5.28,2.94,0.3,0.5,0.33,0.13,0.02,0.02,0.02
2021-04,69.94,8.92,9.58,5.97,3.71,0.48,0.74,0.39,0.2,0.04,0.02,0.02
2021-05,71.51,8.11,8.49,6.18,3.98,0.56,0.59,0.33,0.14,0.03,0.02,0.04
